,distance,mean,median,low_ci,high_ci,kind,nbins
0,0,0.006712798711668217,0.0015645,0.0065348039197513546,0.006907425054436779,KmerZFs_11_0,136074
1,250,0.006448467979925561,0.0015307,0.006212748974996056,0.006675143534258396,KmerZFs_11_0,105457
2,500,0.005774859527724737,0.0015209,0.005618599488613525,0.005933496855112179,KmerZFs_11_0,103684
3,750,0.005598513111829124,0.0015032000000000001,0.005450835915004244,0.005772528081055758,KmerZFs_11_0,102754
4,1000,0.005488745555017984,0.0014984899999999999,0.005311262229395799,0.005716777131986703,KmerZFs_11_0,101144
5,1250,0.005229311407771823,0.0014769,0.005088683111788975,0.005423208634350285,KmerZFs_11_0,100272
6,1500,0.005096612269943008,0.0014878,0.004974225256510669,0.005239753792470284,KmerZFs_11_0,98702
7,1750,0.005001724802455087,0.0014685,0.004871731266792567,0.005148615033654156,KmerZFs_11_0,97763
8,2000,0.004989913057812775,0.0014814,0.004868555831267502,0.0051113953023270535,KmerZFs_11_0,96050
9,2250,0.004971275811789042,0.00146626,0.004808500006913687,0.005131991004127212,KmerZFs_11_0,95000
10,2500,0.004910405946655617,0.0014808830000000001,0.004792045704670733,0.005034153727619471,KmerZFs_11_0,93442
11,2750,0.004751242024355824,0.00146,0.004657650452508706,0.004861772962929384,KmerZFs_11_0,92363
12,3000,0.004806913782033097,0.0014631919999999999,0.004694638079956389,0.00493087309076543,KmerZFs_11_0,91100
13,3250,0.004709451940997078,0.0014437536,0.004564195193271736,0.004819353364027576,KmerZFs_11_0,90207
14,3500,0.004787836552029406,0.0014506,0.004684346094203398,0.004894277352856456,KmerZFs_11_0,88726
15,3750,0.004785140084204751,0.0014309,0.004664518013881872,0.0049264370175590546,KmerZFs_11_0,87839
16,4000,0.004866038108527242,0.0014446,0.004719868580843374,0.004989658464431028,KmerZFs_11_0,86539
17,4250,0.004807515974836239,0.0014365,0.004697951410577387,0.004945862887287686,KmerZFs_11_0,85738
18,4500,0.004713180135571754,0.0014441,0.004598805850024899,0.0048354369560275196,KmerZFs_11_0,84305
19,4750,0.00465295147949618,0.0014327,0.004552040578284686,0.004743589547453912,KmerZFs_11_0,83389
20,5000,0.004728430959811289,0.0014427,0.004615376033878149,0.0048676976686948805,KmerZFs_11_0,82141
21,5250,0.0047135190570117965,0.001429,0.004601077394999732,0.0048398737191733135,KmerZFs_11_0,81381
22,5500,0.004718266100479428,0.0014407,0.004609582999690255,0.004822512477837446,KmerZFs_11_0,80207
23,5750,0.004621785146364949,0.0014282,0.004504194790034795,0.004734939981597498,KmerZFs_11_0,79519
24,6000,0.004638759910800949,0.0014388,0.004517796347371834,0.004766515190314506,KmerZFs_11_0,78298
25,6250,0.004739068397803321,0.0014312,0.004604781627013835,0.004917202700929862,KmerZFs_11_0,77568
26,6500,0.004867188191832793,0.0014506,0.004690400400753413,0.0050512636782570125,KmerZFs_11_0,76253
27,6750,0.004770491179523183,0.001437,0.004581146937402222,0.004941604331871987,KmerZFs_11_0,75445
28,7000,0.004793987777040998,0.0014542,0.004646783427345153,0.004925344001413185,KmerZFs_11_0,74235
29,7250,0.004732712811753028,0.001429784,0.004598312485201467,0.004891025082717273,KmerZFs_11_0,73614
30,7500,0.0046129758116348115,0.0014437,0.004509494640411743,0.004745907026082065,KmerZFs_11_0,72475
31,7750,0.004486646720615665,0.001433475,0.0044087486263243904,0.004588769723580362,KmerZFs_11_0,71905
32,8000,0.004595414979817497,0.0014435,0.004500509045946941,0.0046984037187070195,KmerZFs_11_0,70765
33,8250,0.004651077127607268,0.0014314,0.004514847101486607,0.004821089684181581,KmerZFs_11_0,70051
34,8500,0.004713079064705618,0.0014476,0.0045793605104221926,0.004889069419554757,KmerZFs_11_0,68986
35,8750,0.0046140640962839775,0.0014387,0.00450972086337663,0.0047224819887733815,KmerZFs_11_0,68312
36,9000,0.004680202686458601,0.0014401,0.004570014671927923,0.00484522226357819,KmerZFs_11_0,67274
37,9250,0.004604851108246205,0.0014273,0.004496826324519908,0.004733217660124345,KmerZFs_11_0,66632
38,9500,0.0045993976653269115,0.0014427,0.004506790764434876,0.004689932443257853,KmerZFs_11_0,65464
39,9750,0.004573387276479262,0.0014274,0.00446638024081763,0.004686747121990489,KmerZFs_11_0,64808
40,0,0.005625739464878061,0.0017098,0.005513023440710671,0.005764127236708682,KmerZFs_12_0,146074
41,250,0.005644216438820203,0.0017213,0.005528877085554261,0.005783893122483581,KmerZFs_12_0,113753
42,500,0.005657038153564579,0.0017151,0.005501170205392846,0.005788277522642375,KmerZFs_12_0,112265
43,750,0.0057001094139509535,0.0017247,0.0055516668877210375,0.005879119155258868,KmerZFs_12_0,110610
44,1000,0.005584736067385624,0.00170835,0.005438535960585681,0.005701320276815505,KmerZFs_12_0,109370
45,1250,0.005576860104520322,0.0017129,0.005476522216221923,0.005710728875159193,KmerZFs_12_0,107713
46,1500,0.00550990102990101,0.0016959,0.005381619281701721,0.005641769958886978,KmerZFs_12_0,106326
47,1750,0.005546787317840309,0.0016993,0.005405090414964466,0.005689208988774865,KmerZFs_12_0,104608
48,2000,0.005426020633388034,0.0016884,0.005314398818967626,0.005561045138567611,KmerZFs_12_0,103271
49,2250,0.005545238651900086,0.0016904,0.005419208023073084,0.005661617814504736,KmerZFs_12_0,101592
50,2500,0.005453224027856746,0.0016801,0.005328242150660614,0.005560992837411442,KmerZFs_12_0,100214
51,2750,0.005446087852538111,0.0016814,0.005337632376831683,0.00555022443557385,KmerZFs_12_0,98554
52,3000,0.005391703332529071,0.0016768,0.005263792614183882,0.005506770814192415,KmerZFs_12_0,97299
53,3250,0.005424256556219454,0.0016814,0.005313085232802622,0.0055617158413842314,KmerZFs_12_0,95777
54,3500,0.005436588333886398,0.0016795,0.005298020747988866,0.005566151087652019,KmerZFs_12_0,94628
55,3750,0.005419192550333313,0.0016746500000000002,0.005298349818075401,0.005535210764349865,KmerZFs_12_0,93222
56,4000,0.005434640185951156,0.0016639,0.005271234349432233,0.005597712870672465,KmerZFs_12_0,92026
57,4250,0.005420588619817376,0.0016542,0.005305170899990635,0.005565569326577509,KmerZFs_12_0,90563
58,4500,0.005382804634997013,0.001637,0.00523298551665914,0.005526911071522536,KmerZFs_12_0,89357
59,4750,0.005383587728014748,0.0016391,0.00527210550901632,0.005510528360965408,KmerZFs_12_0,88057
60,5000,0.005423285861302914,0.0016281,0.005248391485810172,0.005598783576578249,KmerZFs_12_0,86984
61,5250,0.005248109391834492,0.0016166,0.00513083609609533,0.005399397340242953,KmerZFs_12_0,85666
62,5500,0.005262265763931754,0.0016072,0.005160597398117023,0.005393576839068672,KmerZFs_12_0,84617
63,5750,0.005242352744140901,0.0016101,0.005130394193211447,0.0053531505292187045,KmerZFs_12_0,83385
64,6000,0.00534589335697857,0.001606,0.005203160837820824,0.005485684421509551,KmerZFs_12_0,82218
65,6250,0.0053215737787511,0.0016033,0.005199504626435218,0.005466689701768105,KmerZFs_12_0,80990
66,6500,0.00540977390720905,0.0016022,0.005254325563579454,0.005594479448820848,KmerZFs_12_0,80107
67,6750,0.005392657833275154,0.0015979,0.005233672062699749,0.005570145602723888,KmerZFs_12_0,78837
68,7000,0.0054695838289267945,0.0015993844,0.005293017047102595,0.005620276932198474,KmerZFs_12_0,77931
69,7250,0.005308579978195124,0.0015865,0.00517031617069446,0.005467007017346293,KmerZFs_12_0,76775
70,7500,0.005339158463600122,0.0015855,0.005211266626402699,0.005493426048712719,KmerZFs_12_0,75953
71,7750,0.005405605966352801,0.0015816,0.00525761330435784,0.005563069317603312,KmerZFs_12_0,74685
72,8000,0.005318791859984073,0.0015825,0.00517077536951709,0.005466634834314162,KmerZFs_12_0,73840
73,8250,0.0052251624969324615,0.0015845,0.005092584306008977,0.0053687044766369115,KmerZFs_12_0,72794
74,8500,0.005241192184490311,0.0015861,0.005127610789874455,0.005379224107097925,KmerZFs_12_0,71930
75,8750,0.005192744372772146,0.0015791,0.005047539957533331,0.005335046529131559,KmerZFs_12_0,70725
76,9000,0.005197624767693145,0.0015794,0.005075843005780677,0.005332698138902989,KmerZFs_12_0,69769
77,9250,0.005160047993232117,0.0015743,0.00502575153206371,0.005293657471796453,KmerZFs_12_0,68791
78,9500,0.005198245018211347,0.001564578,0.005064705433742595,0.005344602633158654,KmerZFs_12_0,67959
79,9750,0.005079702866361917,0.0015605,0.004950028873410898,0.005218099473172817,KmerZFs_12_0,66844
80,0,0.00631411282025862,0.0016793,0.00617942959264356,0.006447640369986655,KmerZFs_5_0,108856
81,250,0.005586700510972679,0.0015713185,0.005408886514235634,0.0057647319847229025,KmerZFs_5_0,85062
82,500,0.005422108652173433,0.0015599,0.005299840684902263,0.005566807545052114,KmerZFs_5_0,84177
83,750,0.005229827301822087,0.0015445,0.0051070582615856,0.005349557640843871,KmerZFs_5_0,83299
84,1000,0.0051474825403356374,0.0015253,0.005009050364849767,0.0052677979476210245,KmerZFs_5_0,82595
85,1250,0.0050972033683023285,0.00150775,0.004927638107838133,0.005279259035869443,KmerZFs_5_0,81654
86,1500,0.005061793865300493,0.0015028,0.004926717431574287,0.005230377925366314,KmerZFs_5_0,80865
87,1750,0.004836392204731841,0.0014873,0.004732705622229026,0.0049610624652654655,KmerZFs_5_0,79910
88,2000,0.004847704931790257,0.001482,0.0047398533471659805,0.0049514045403879145,KmerZFs_5_0,79097
89,2250,0.004841489293936811,0.0014791,0.004703239754393521,0.004968947415401629,KmerZFs_5_0,78223
90,2500,0.005032383819742259,0.001489985,0.004867811934324849,0.005212895089442966,KmerZFs_5_0,77434
91,2750,0.004914228709507106,0.0014786,0.004767701990224666,0.005035053444089226,KmerZFs_5_0,76479
92,3000,0.004888132552149615,0.0014881,0.0047518052236128865,0.005008680061239917,KmerZFs_5_0,75730
93,3250,0.00471564066198952,0.0014749,0.004582724766221409,0.004844187073713002,KmerZFs_5_0,74806
94,3500,0.004800210433540301,0.0014782,0.004612246757156412,0.004978884839121518,KmerZFs_5_0,74060
95,3750,0.004737272426592628,0.0014691,0.004574034898019987,0.004911979275889753,KmerZFs_5_0,73299
96,4000,0.004908839042932603,0.0014781,0.004699535761101208,0.005134952942685506,KmerZFs_5_0,72556
97,4250,0.004783222879164,0.0014781,0.004640437075954251,0.004949819500470344,KmerZFs_5_0,71811
98,4500,0.00486508552062478,0.0014749,0.004707703408354218,0.005062194246622281,KmerZFs_5_0,71129
99,4750,0.004722820008365187,0.0014638,0.004564350078139532,0.004899634895952877,KmerZFs_5_0,70364
100,5000,0.004710460635410695,0.0014620744,0.004569256749374429,0.004861702857951793,KmerZFs_5_0,69678
101,5250,0.004648879018974903,0.0014531000000000001,0.0045267004550319625,0.004783267066014072,KmerZFs_5_0,68932
102,5500,0.004607688040022395,0.00144895,0.004478136280997261,0.0047415813745793475,KmerZFs_5_0,68362
103,5750,0.004592820496040203,0.0014399,0.004456271768470812,0.004726433927449667,KmerZFs_5_0,67607
104,6000,0.004678433649904493,0.0014486,0.004552055653420438,0.0048121738834145614,KmerZFs_5_0,67042
105,6250,0.004581226916117757,0.0014328,0.004488601664370812,0.004687410085885836,KmerZFs_5_0,66291
106,6500,0.004633761356605263,0.0014457,0.004538868150931089,0.004738523411433303,KmerZFs_5_0,65691
107,6750,0.004703649375239919,0.00144255,0.004559092694755636,0.004839133665182158,KmerZFs_5_0,64926
108,7000,0.0048320517628498445,0.00144465,0.004658052168209035,0.005011555149658943,KmerZFs_5_0,64240
109,7250,0.004850721044712154,0.0014291500000000001,0.0046352783836028704,0.005058787853199977,KmerZFs_5_0,63440
110,7500,0.004918165416197818,0.0014277,0.004743331138180248,0.005120440302161337,KmerZFs_5_0,62942
111,7750,0.004923243994227514,0.0014288,0.004716818923092935,0.005184813933370458,KmerZFs_5_0,62269
112,8000,0.004790856755485089,0.0014287,0.0046654131573431335,0.004964964522935997,KmerZFs_5_0,61832
113,8250,0.0048487290946273584,0.0014281,0.004677494810432325,0.005076375418479969,KmerZFs_5_0,61115
114,8500,0.004860210284680066,0.0014312,0.004672094907097812,0.005082666341852889,KmerZFs_5_0,60423
115,8750,0.005029779715221641,0.0014333,0.004830800952940066,0.005235168499913716,KmerZFs_5_0,59736
116,9000,0.0048976039168915925,0.0014399500000000002,0.004731994531231136,0.005085039596771984,KmerZFs_5_0,59184
117,9250,0.004921272767968228,0.0014374,0.004744792501725959,0.005078488225666537,KmerZFs_5_0,58384
118,9500,0.0048925566790966445,0.0014516,0.004715615244468624,0.005059173794959107,KmerZFs_5_0,57884
119,9750,0.004952473109178797,0.0014493,0.0047749514691582985,0.005160859859322297,KmerZFs_5_0,57199
120,0,0.005812549622505233,0.0013772685,0.005632654465564727,0.006005133370473005,KmerZFs_6_0,129630
121,250,0.0050610480330907665,0.001364,0.004903362619813734,0.005210027623791757,KmerZFs_6_0,103439
122,500,0.004989963251691203,0.0013646,0.0048547967930945846,0.0051611494955351575,KmerZFs_6_0,100947
123,750,0.004853658708150688,0.0013711,0.004728505609293195,0.00499540376152049,KmerZFs_6_0,99304
124,1000,0.004729837990850634,0.0013596,0.004591717691512185,0.004892753324244349,KmerZFs_6_0,98215
125,1250,0.004664769189677586,0.0013604,0.004536042220867544,0.00480214624681991,KmerZFs_6_0,96994
126,1500,0.004625874166677777,0.00135245355,0.0044888218974374955,0.0047685092784364,KmerZFs_6_0,95900
127,1750,0.004564709571709621,0.0013589,0.004400141642330053,0.00471048376809367,KmerZFs_6_0,94487
128,2000,0.004571558030851309,0.0013569,0.004416172142726184,0.0047117373192706305,KmerZFs_6_0,92888
129,2250,0.004522971633721626,0.0013632,0.00438803001431024,0.004646991833806405,KmerZFs_6_0,90951
130,2500,0.0044742481331181945,0.0013535,0.0043463476186062135,0.004606472893805548,KmerZFs_6_0,89924
131,2750,0.004371233743976186,0.0013604,0.004268545589923943,0.004491515094680333,KmerZFs_6_0,87813
132,3000,0.004434920278121614,0.00135695,0.004286013429979005,0.004584076906655354,KmerZFs_6_0,86980
133,3250,0.004427950924598571,0.0013604,0.004314120812808977,0.004558771045645549,KmerZFs_6_0,85502
134,3500,0.004480650082130121,0.0013552,0.004349626929877323,0.0046030930267813835,KmerZFs_6_0,84763
135,3750,0.00442728018443008,0.0013592,0.004267616234391722,0.004560897018150287,KmerZFs_6_0,83394
136,4000,0.004496837581386152,0.0013546,0.004333494660112936,0.004644230336864626,KmerZFs_6_0,82551
137,4250,0.004543648707570236,0.0013604,0.004410911354871781,0.004701887219936046,KmerZFs_6_0,81405
138,4500,0.004600413160092912,0.0013535,0.004424396288414885,0.004773909994299065,KmerZFs_6_0,80667
139,4750,0.004578484297562329,0.0013584,0.0044234684954418835,0.004766887200058963,KmerZFs_6_0,79338
140,5000,0.004518691528627574,0.0013546,0.004355021505423469,0.004692987655890924,KmerZFs_6_0,78527
141,5250,0.004549577186705204,0.0013576999999999999,0.004383423199621081,0.004715444903356248,KmerZFs_6_0,77274
142,5500,0.004506537669023032,0.0013564,0.004341456073225846,0.004694184208054234,KmerZFs_6_0,76496
143,5750,0.00440067770793729,0.0013604,0.004230883997040098,0.00457392827447208,KmerZFs_6_0,75347
144,6000,0.00458191427269781,0.0013645,0.004399181935611685,0.004802755834808151,KmerZFs_6_0,74569
145,6250,0.004632521262036045,0.0013615,0.0044574595931034,0.004852183661119437,KmerZFs_6_0,73518
146,6500,0.004656450661407791,0.0013645,0.00447964872282768,0.004855124015138624,KmerZFs_6_0,72859
147,6750,0.004572394788446113,0.0013753,0.004420449724258925,0.004758640586694535,KmerZFs_6_0,71859
148,7000,0.004648368288302453,0.0013817500000000002,0.004465299040628411,0.004830757612976274,KmerZFs_6_0,71088
149,7250,0.004677255316373281,0.0013785,0.004469608597269685,0.004966079369891414,KmerZFs_6_0,70049
150,7500,0.004736468871624998,0.001377904,0.004541857534778444,0.005014699175135139,KmerZFs_6_0,69405
151,7750,0.004672402555140552,0.0013818,0.004506944380786074,0.004827768560333665,KmerZFs_6_0,68428
152,8000,0.004699853011707587,0.00138715,0.004529214337472068,0.00485742383043214,KmerZFs_6_0,67816
153,8250,0.0046457151070075885,0.0013879,0.004475209214273821,0.004807856460365052,KmerZFs_6_0,66793
154,8500,0.004566120253304378,0.0013995,0.00439033158841268,0.004735144695687515,KmerZFs_6_0,66089
155,8750,0.004598238482757897,0.0013948,0.004463389655049769,0.004783465917273681,KmerZFs_6_0,65022
156,9000,0.004565209923009625,0.0014,0.0044305494109927145,0.004702809030761856,KmerZFs_6_0,64518
157,9250,0.004614773124042585,0.0014029,0.004455095242499635,0.004796006031374506,KmerZFs_6_0,63529
158,9500,0.004572032475632094,0.0014122,0.004420060086234683,0.004739142911594738,KmerZFs_6_0,62929
159,9750,0.0046288997945456,0.0014152505,0.004447712671192767,0.004822737543835232,KmerZFs_6_0,62020
160,0,0.00588338163482942,0.0016913380000000001,0.005774505455412826,0.005981883346190361,KmerZFs_6_1,107574
161,250,0.005492350948515054,0.0015785,0.005359636107381484,0.005605736802437096,KmerZFs_6_1,84003
162,500,0.005424763125250696,0.0015679,0.00529510269736393,0.005549944855048271,KmerZFs_6_1,82913
163,750,0.005167797078549842,0.0015389,0.005058289233228824,0.005261772975569721,KmerZFs_6_1,82240
164,1000,0.004980692998629852,0.0015231,0.004879677462926521,0.005117537031514753,KmerZFs_6_1,81327
165,1250,0.004895468104824171,0.0014937,0.004753312357271251,0.005028592106242031,KmerZFs_6_1,80550
166,1500,0.004738152341712781,0.00148885,0.0046369490174665755,0.004847263164576054,KmerZFs_6_1,79650
167,1750,0.004717251896581064,0.0014615,0.00461311882757869,0.0048625667178933425,KmerZFs_6_1,78733
168,2000,0.004691004489366952,0.0014567,0.004587598101864065,0.00480180656558701,KmerZFs_6_1,77872
169,2250,0.004739806144177401,0.0014426,0.004624935210785541,0.004854983728419594,KmerZFs_6_1,77180
170,2500,0.0047316945386211475,0.00144615,0.004625796499241116,0.0048517800646473135,KmerZFs_6_1,76320
171,2750,0.0046594084288931635,0.00144152,0.004568937022683306,0.004772784233295198,KmerZFs_6_1,75114
172,3000,0.004666122029339682,0.0014516,0.004560167146013568,0.004765721801286773,KmerZFs_6_1,74361
173,3250,0.004596187067095706,0.0014344,0.004500117610477202,0.004693903357587458,KmerZFs_6_1,73632
174,3500,0.004656919593355694,0.0014375,0.00453772304473095,0.0048033390383317165,KmerZFs_6_1,72904
175,3750,0.004720989370246492,0.0014225,0.004563723155840904,0.004875014329531977,KmerZFs_6_1,72181
176,4000,0.004619510172792929,0.0014326,0.004498541530575814,0.004739819527617881,KmerZFs_6_1,71449
177,4250,0.004626647767377922,0.0014263,0.004486801843309229,0.004742754278754756,KmerZFs_6_1,70639
178,4500,0.004637862127712174,0.0014326,0.004514644643674106,0.00475499077276691,KmerZFs_6_1,70052
179,4750,0.004528883317454548,0.001425,0.0044099671160396795,0.004633780777452919,KmerZFs_6_1,69267
180,5000,0.004557870925725011,0.0014353500000000002,0.004442454594439617,0.004666393054962243,KmerZFs_6_1,68610
181,5250,0.004443286645355983,0.0014257,0.004333882829578987,0.004563587748059676,KmerZFs_6_1,67871
182,5500,0.00458744816799725,0.0014288,0.004490629435662302,0.004698999581567476,KmerZFs_6_1,67267
183,5750,0.004591029355272363,0.0014268,0.004472129580429699,0.004731998552871226,KmerZFs_6_1,66518
184,6000,0.004698616171543199,0.0014364,0.004573717352574278,0.004823724908421728,KmerZFs_6_1,65911
185,6250,0.004755295216189237,0.0014324,0.004604928402931458,0.0049138441120824185,KmerZFs_6_1,65262
186,6500,0.0047203702697712294,0.0014312,0.004578757461877246,0.004865518319416074,KmerZFs_6_1,64501
187,6750,0.004828217485571168,0.0014306,0.004665457060472035,0.005011102129121416,KmerZFs_6_1,63815
188,7000,0.004873295687292404,0.0014313,0.004696510659684257,0.005053388525332507,KmerZFs_6_1,62930
189,7250,0.004796842915956622,0.0014248,0.004621671653151125,0.00495805814128344,KmerZFs_6_1,62441
190,7500,0.00465086028432024,0.0014287,0.004485262566570794,0.004845524511287584,KmerZFs_6_1,61941
191,7750,0.004663664888811865,0.0014236,0.004502544955715663,0.004793405880876541,KmerZFs_6_1,61408
192,8000,0.004566306824409114,0.00142835,0.004410737802487649,0.004735072991836963,KmerZFs_6_1,60790
193,8250,0.0047033959945951215,0.0014239,0.004518853392802732,0.004933829775467161,KmerZFs_6_1,60223
194,8500,0.004578749305172681,0.0014225,0.004455485099870937,0.004742727164196376,KmerZFs_6_1,59546
195,8750,0.004706137740278983,0.0014171,0.0045676460467685785,0.004912929414046909,KmerZFs_6_1,58950
196,9000,0.004599840021338069,0.0014197,0.0044602395625226365,0.004798365441874822,KmerZFs_6_1,58241
197,9250,0.004651504697643084,0.0014164,0.004504995976883056,0.004823597500154425,KmerZFs_6_1,57655
198,9500,0.004646346272823557,0.0014121,0.004481723931561376,0.004830141713026843,KmerZFs_6_1,57016
199,9750,0.00481029023992033,0.0014087,0.004646807881636622,0.00498623744589318,KmerZFs_6_1,56456
200,0,0.006126091935094143,0.001529,0.005986774779918261,0.0062430221759847615,KmerZFs_7_0,113709
201,250,0.005312829112880648,0.0014261,0.005155470992893843,0.005475657700387637,KmerZFs_7_0,88352
202,500,0.005231540843356893,0.0014182,0.0050823049457203165,0.005412764146837253,KmerZFs_7_0,87090
203,750,0.005008883885628635,0.0014072,0.004863794295920444,0.005171174424908154,KmerZFs_7_0,86254
204,1000,0.0050411877764946844,0.0014087,0.004870552857582428,0.005218035748329175,KmerZFs_7_0,85030
205,1250,0.004997007011863444,0.0013957,0.0048238687290609395,0.005186214848282238,KmerZFs_7_0,84193
206,1500,0.00496692306052589,0.0014043,0.004793189777706812,0.005132250317886479,KmerZFs_7_0,83162
207,1750,0.004881463536883166,0.0013837,0.004729755966176548,0.0050671536734945176,KmerZFs_7_0,82407
208,2000,0.004794801250233478,0.001387,0.0045917278719061075,0.004981090456046257,KmerZFs_7_0,81327
209,2250,0.004728558883296226,0.0013781,0.004573307854417404,0.0049052097450301806,KmerZFs_7_0,80641
210,2500,0.004640804049670128,0.0013834,0.004504647682899915,0.004798169021754367,KmerZFs_7_0,79519
211,2750,0.004615034561717542,0.0013775,0.004484910698541108,0.004729162555135701,KmerZFs_7_0,78647
212,3000,0.0047337543283517474,0.0013849,0.00456666113208639,0.004909651977634959,KmerZFs_7_0,77530
213,3250,0.004723955823440093,0.0013807,0.004582964568573592,0.004897776175674474,KmerZFs_7_0,76945
214,3500,0.004780577749921321,0.0013894,0.004620168367466205,0.004967387843365863,KmerZFs_7_0,75918
215,3750,0.004806144898840978,0.0013753,0.004598166411633752,0.005008442133457477,KmerZFs_7_0,75243
216,4000,0.0048537428134028315,0.0013842705000000001,0.004598544732716699,0.005112308053305363,KmerZFs_7_0,74232
217,4250,0.0047464365008886905,0.0013828,0.004572086269598434,0.004945681052633307,KmerZFs_7_0,73626
218,4500,0.004638742663446018,0.0013907,0.00449877810076893,0.004803992041484231,KmerZFs_7_0,72697
219,4750,0.004570613219238221,0.0013788,0.004423947826914524,0.00475363805422043,KmerZFs_7_0,72101
220,5000,0.004494414183710294,0.0013794,0.004366590312317151,0.004672802313654464,KmerZFs_7_0,71127
221,5250,0.0045295701108478865,0.0013692,0.004398224882877383,0.004692789143216276,KmerZFs_7_0,70602
222,5500,0.004598551383168123,0.0013775,0.004454951013070029,0.004753358112691024,KmerZFs_7_0,69657
223,5750,0.004736479278757792,0.0013759,0.004556972488243339,0.004929135313897367,KmerZFs_7_0,69011
224,6000,0.004634927787764482,0.0013791,0.004475877023284379,0.004765551780843405,KmerZFs_7_0,68101
225,6250,0.004790129019627952,0.0013734,0.00463965223479359,0.004971794337556589,KmerZFs_7_0,67440
226,6500,0.004701873614101668,0.0013776,0.004557478370562827,0.0048530443733957665,KmerZFs_7_0,66542
227,6750,0.004725243556269862,0.00137515,0.004575644454944724,0.004892990814404255,KmerZFs_7_0,65960
228,7000,0.004732923766183156,0.0013817,0.004574016803207948,0.004914062973086242,KmerZFs_7_0,65065
229,7250,0.004743107668907634,0.0013753,0.004574616100807983,0.004891862395800679,KmerZFs_7_0,64472
230,7500,0.004682967282565505,0.0013834,0.004512199538587477,0.004831248788141897,KmerZFs_7_0,63730
231,7750,0.0045644316073575305,0.0013775,0.004426356144053027,0.0047021767708654676,KmerZFs_7_0,63175
232,8000,0.004466324099016748,0.0013783,0.004356980523799847,0.0045944333727777524,KmerZFs_7_0,62514
233,8250,0.004498182984602805,0.0013764,0.00437832200795483,0.004611467818538879,KmerZFs_7_0,61937
234,8500,0.004479128963079609,0.00138325,0.0043464520275960684,0.004609557336244709,KmerZFs_7_0,61174
235,8750,0.004494462769016952,0.0013848,0.004358938845962673,0.0046235050670013055,KmerZFs_7_0,60612
236,9000,0.004433654536304938,0.0013902,0.004313033799882847,0.004577443580667214,KmerZFs_7_0,59822
237,9250,0.0046075340123864095,0.0013854,0.004436599755324885,0.0047831880530568634,KmerZFs_7_0,59204
238,9500,0.004619032280775708,0.0013893,0.004418739135890479,0.004807120641985196,KmerZFs_7_0,58579
239,9750,0.004612199097680205,0.0013792,0.004441979708793015,0.004809132005802982,KmerZFs_7_0,58108
240,0,0.005810450166919588,0.0015124,0.0056718046265076365,0.005927970089820822,KmerZFs_7_1,131906
241,250,0.005160431732831702,0.0014506,0.005053031185469433,0.005286581834166792,KmerZFs_7_1,102965
242,500,0.00511832787424136,0.0014472,0.0049862144585708906,0.005259411097149688,KmerZFs_7_1,101470
243,750,0.0050918152277958624,0.0014427,0.0049635030673065555,0.005239814772791769,KmerZFs_7_1,100313
244,1000,0.004938823191677198,0.00143843,0.004794465788295196,0.005095173779961467,KmerZFs_7_1,98939
245,1250,0.004922072262769952,0.0014384,0.004809579970030194,0.005101890631357518,KmerZFs_7_1,97632
246,1500,0.00475250943432815,0.0014355,0.004638335994878059,0.0048921072272276435,KmerZFs_7_1,96401
247,1750,0.0047318659883048815,0.0014306,0.004632698704008197,0.0048491317486552095,KmerZFs_7_1,95299
248,2000,0.0046838850496860205,0.0014198,0.00458855872968026,0.0047945113324970225,KmerZFs_7_1,94126
249,2250,0.004662553976870827,0.0014199,0.004574627828897666,0.004760288137572333,KmerZFs_7_1,92933
250,2500,0.004804277123225405,0.0014167,0.0046195959656220725,0.004962559021598842,KmerZFs_7_1,91684
251,2750,0.004675987923845547,0.0014139,0.004537121093537573,0.004815806561220327,KmerZFs_7_1,90335
252,3000,0.004617199845540334,0.0014034,0.0044991671590854845,0.004717545876977656,KmerZFs_7_1,89245
253,3250,0.004658426851934265,0.0014114,0.004511007767425293,0.004782283471798072,KmerZFs_7_1,87963
254,3500,0.004677551592567218,0.0014111,0.00452852309582713,0.004821814032948967,KmerZFs_7_1,86882
255,3750,0.0045916825545172,0.0014194,0.004469369702833407,0.004739157746856753,KmerZFs_7_1,85663
256,4000,0.004675838457491755,0.0014129400000000001,0.004562739780195673,0.004816408633479944,KmerZFs_7_1,84774
257,4250,0.00462890153061929,0.0014189,0.004524713185140866,0.004742423882796362,KmerZFs_7_1,83444
258,4500,0.0046086074288392695,0.0014085,0.004472064092961724,0.004738560412769761,KmerZFs_7_1,82573
259,4750,0.004518521829260388,0.0014176,0.004381078195785916,0.004638444657709202,KmerZFs_7_1,81340
260,5000,0.004540829251111419,0.0014046,0.004432614842860661,0.004693738556956521,KmerZFs_7_1,80646
261,5250,0.00454201918024023,0.0014165,0.004432140120154197,0.004653166840998227,KmerZFs_7_1,79413
262,5500,0.004621466193166017,0.0014112,0.004516171625566089,0.004757240246729466,KmerZFs_7_1,78622
263,5750,0.004786067605614908,0.0014229,0.0046025360355999665,0.004937404344757481,KmerZFs_7_1,77423
264,6000,0.004735646079758598,0.0014156,0.00460435169038822,0.004884671986725958,KmerZFs_7_1,76683
265,6250,0.004772633313960595,0.0014209,0.004634280009512393,0.004905531573574396,KmerZFs_7_1,75444
266,6500,0.004752694827394314,0.0014129,0.00459609215193588,0.004892742886280277,KmerZFs_7_1,74745
267,6750,0.0047372321551407545,0.0014193,0.004603388820646018,0.004847794064966111,KmerZFs_7_1,73640
268,7000,0.004739922268796033,0.0014176,0.004603685224597429,0.004876463580510961,KmerZFs_7_1,73026
269,7250,0.0047847390154879595,0.0014233,0.004621149483418814,0.004965340098382547,KmerZFs_7_1,71909
270,7500,0.0047583458208599015,0.0014235,0.004596299020543276,0.004935667002951102,KmerZFs_7_1,71334
271,7750,0.00499304805224887,0.0014176,0.004809582186803029,0.005200621818983831,KmerZFs_7_1,70137
272,8000,0.004845375082105907,0.00141664895,0.00469360638744592,0.00503397683800206,KmerZFs_7_1,69486
273,8250,0.004837436457470002,0.0014153,0.004674957050359438,0.00501922303203089,KmerZFs_7_1,68219
274,8500,0.004758577283591684,0.0014285,0.004634207291946202,0.0049214545270348025,KmerZFs_7_1,67631
275,8750,0.004915976643686192,0.0014287,0.004753080790346264,0.005057341713463959,KmerZFs_7_1,66429
276,9000,0.004829672602018332,0.0014363,0.004680931291883107,0.004943583246111493,KmerZFs_7_1,65842
277,9250,0.004851241017522769,0.0014365,0.004705279433927008,0.004976554077975256,KmerZFs_7_1,64780
278,9500,0.004914813612573845,0.00144,0.004772783861946786,0.005103244582023381,KmerZFs_7_1,64141
279,9750,0.004879266096707927,0.0014432,0.004716455647210433,0.005061552971672686,KmerZFs_7_1,63067
280,0,0.006478056587519015,0.0016129,0.006338759032919635,0.006654873807883284,KmerZFs_8_0,134977
281,250,0.006109958404831858,0.0015936,0.005935484053112992,0.0063200687333856915,KmerZFs_8_0,106221
282,500,0.005857138675634968,0.0015794,0.005675143570489515,0.006076824958315762,KmerZFs_8_0,104653
283,750,0.005467140582484605,0.0015635,0.005305686000136032,0.0056421123339749114,KmerZFs_8_0,103350
284,1000,0.005262185977121047,0.0015357,0.0050977687816665925,0.005422330501416142,KmerZFs_8_0,101985
285,1250,0.0051194722558658146,0.0015283,0.004996636239324164,0.005227300132961536,KmerZFs_8_0,100743
286,1500,0.005019435525163888,0.00152,0.004875709497992387,0.005167961502118383,KmerZFs_8_0,99397
287,1750,0.004992380138442858,0.0015113,0.004860171818942911,0.00514405479888759,KmerZFs_8_0,98124
288,2000,0.0049224831046272175,0.0015016,0.004777371730502635,0.005041597144354271,KmerZFs_8_0,96754
289,2250,0.004940878152095099,0.001497,0.004805135155046141,0.005074312536699493,KmerZFs_8_0,95530
290,2500,0.004915783015693998,0.0014908,0.0047661245747490895,0.005069428874912566,KmerZFs_8_0,94218
291,2750,0.0048535396448362,0.0014855060000000002,0.0047012171913988435,0.004978453232443718,KmerZFs_8_0,92830
292,3000,0.004912817990218169,0.0014843,0.004760550567330088,0.005076805069498123,KmerZFs_8_0,91659
293,3250,0.0049234554462202745,0.0014813,0.004773745308006396,0.005091850888498256,KmerZFs_8_0,90401
294,3500,0.005018799627869132,0.0014775,0.004826569082358073,0.005225048477509309,KmerZFs_8_0,89302
295,3750,0.004907164325592662,0.00147645,0.004763728326766135,0.005087549471616521,KmerZFs_8_0,88088
296,4000,0.004929343361648186,0.0014667,0.004800799700325262,0.0050550787819434295,KmerZFs_8_0,87107
297,4250,0.004993982604038097,0.0014669,0.004851915477410707,0.005148460956981528,KmerZFs_8_0,85971
298,4500,0.0049042339891145524,0.0014672,0.004785725477676873,0.005057099728017421,KmerZFs_8_0,84904
299,4750,0.004820943813643831,0.0014621,0.0046776585553629565,0.004961272102341575,KmerZFs_8_0,83772
300,5000,0.004787440252950972,0.0014563,0.004654283293872064,0.004910887665166792,KmerZFs_8_0,82780
301,5250,0.004783836070367054,0.0014563,0.004670739882574343,0.004930243993541645,KmerZFs_8_0,81560
302,5500,0.004807815826703001,0.001455,0.004673103461549103,0.004928427495039973,KmerZFs_8_0,80479
303,5750,0.004800608424924741,0.0014535,0.004684800616310517,0.00492877781168203,KmerZFs_8_0,79485
304,6000,0.0047709494637313415,0.0014573755,0.00463903889685268,0.004920090921538006,KmerZFs_8_0,78460
305,6250,0.004885781939485663,0.001451,0.00473184205344593,0.005039380945951388,KmerZFs_8_0,77420
306,6500,0.004844974757602965,0.0014563,0.0047036464452421285,0.005001010852298499,KmerZFs_8_0,76364
307,6750,0.004801105375188089,0.001455913,0.004677006085770737,0.004982021825262283,KmerZFs_8_0,75310
308,7000,0.004843611044660291,0.00145,0.004714727667246072,0.005010338175731072,KmerZFs_8_0,74396
309,7250,0.004918445262384515,0.00145,0.004749545347330321,0.005070038668600142,KmerZFs_8_0,73331
310,7500,0.004899585464493921,0.0014444,0.004756670154827613,0.005058542374664287,KmerZFs_8_0,72554
311,7750,0.0048888918748921486,0.0014544,0.004731940374708854,0.005022139398044366,KmerZFs_8_0,71593
312,8000,0.004965806794506847,0.0014532,0.004794192268209799,0.005162380401375153,KmerZFs_8_0,70535
313,8250,0.0048701030490887354,0.0014543,0.004724540515226397,0.005006921954254924,KmerZFs_8_0,69483
314,8500,0.004858904047537248,0.0014516,0.00472223464776297,0.005024842710811663,KmerZFs_8_0,68661
315,8750,0.004914522495074447,0.0014558,0.004766730347496825,0.005070970700076273,KmerZFs_8_0,67715
316,9000,0.00496673632516463,0.0014496,0.004812322318870324,0.005114717643808514,KmerZFs_8_0,66927
317,9250,0.004894836682977788,0.0014544,0.004773763256099489,0.005043161794949768,KmerZFs_8_0,65984
318,9500,0.004801203387277418,0.0014563,0.004667396830630823,0.004921693782847646,KmerZFs_8_0,65194
319,9750,0.004827629560454943,0.0014583,0.004688269496604914,0.004944432446812998,KmerZFs_8_0,64226
320,0,0.006969047420745908,0.00194193135,0.006837877611513037,0.007111101848948486,KmerZFs_9_0,157716
321,250,0.006865393323970011,0.001935,0.00670626572273608,0.0070375959936295465,KmerZFs_9_0,124233
322,500,0.0067219224445565036,0.0019115,0.006571997854160844,0.006875721819689778,KmerZFs_9_0,122098
323,750,0.006560944819578648,0.0019022,0.00640198405820055,0.006709336821809131,KmerZFs_9_0,120292
324,1000,0.006352043054360023,0.0018731,0.006213293321427448,0.0064994592506946915,KmerZFs_9_0,118449
325,1250,0.00616004737119647,0.0018638,0.006025093058016154,0.006297462382390236,KmerZFs_9_0,116676
326,1500,0.006047761618991889,0.001842,0.0059034747375823,0.006180980444782829,KmerZFs_9_0,114513
327,1750,0.005934930033984812,0.0018348,0.005807545948445067,0.006070661596831947,KmerZFs_9_0,112590
328,2000,0.005929409005249763,0.0018148,0.0057592758472945465,0.006091252007704357,KmerZFs_9_0,110602
329,2250,0.005930416538013973,0.001804435,0.005801500003105258,0.006086294323797474,KmerZFs_9_0,108958
330,2500,0.0058520533534786815,0.0017898,0.0057266918283400674,0.0060021334454493196,KmerZFs_9_0,107040
331,2750,0.005790843777423961,0.0017777,0.0056770918881988005,0.005943112004151741,KmerZFs_9_0,105377
332,3000,0.005811999988547356,0.0017617,0.005684691519739699,0.005946979972154135,KmerZFs_9_0,103614
333,3250,0.005769801639577425,0.0017626,0.005642497903402531,0.005907640347512575,KmerZFs_9_0,102131
334,3500,0.005789705913030434,0.0017394,0.005648746113858632,0.005918096566835622,KmerZFs_9_0,100251
335,3750,0.005686103699795489,0.0017344,0.0055419146142214855,0.00581579949994093,KmerZFs_9_0,98658
336,4000,0.0057210311507108,0.0017105,0.0055738510179481286,0.00586066596265452,KmerZFs_9_0,96736
337,4250,0.005802992813438454,0.00172055,0.005645885090911878,0.0059880340740483045,KmerZFs_9_0,95362
338,4500,0.005729621400183012,0.0017089,0.005587681870364428,0.005918392222270695,KmerZFs_9_0,93715
339,4750,0.005723940539208589,0.001712,0.005546156864704124,0.005885271324711174,KmerZFs_9_0,92356
340,5000,0.005738657958646557,0.0016903,0.005602950280110403,0.005901009092410887,KmerZFs_9_0,90811
341,5250,0.005640528723426357,0.0016988,0.005502703672213861,0.005797546641839453,KmerZFs_9_0,89447
342,5500,0.005699468911599185,0.0016727,0.005519948777060376,0.0058689021062816975,KmerZFs_9_0,88088
343,5750,0.0057296425246665525,0.00167905,0.005568916186365563,0.00589353790999789,KmerZFs_9_0,86848
344,6000,0.005847072298220865,0.0016566,0.005687913682031222,0.006002116261096351,KmerZFs_9_0,85426
345,6250,0.005743087363501599,0.0016506,0.00556393039573274,0.005938969500982879,KmerZFs_9_0,84091
346,6500,0.00567181042539709,0.0016421,0.005529765961453917,0.005856738052740138,KmerZFs_9_0,82626
347,6750,0.005528269472240941,0.0016362,0.005399587958537065,0.005709497092011143,KmerZFs_9_0,81360
348,7000,0.005388688048615396,0.0016148,0.005258622226150726,0.005523934387474283,KmerZFs_9_0,79945
349,7250,0.005349338860768197,0.0016164,0.00522232691151133,0.005495290414891248,KmerZFs_9_0,78860
350,7500,0.0053558807301929585,0.0015935,0.0052271166855350545,0.0054728693237937175,KmerZFs_9_0,77659
351,7750,0.005380803455851564,0.0016008,0.005259382237601439,0.005531883347763186,KmerZFs_9_0,76514
352,8000,0.005327850710788187,0.0015866,0.00519996534061532,0.0054859538797079775,KmerZFs_9_0,75142
353,8250,0.0053644300384910444,0.0015911,0.005208087226974132,0.005525276332939957,KmerZFs_9_0,74028
354,8500,0.0052937908992581025,0.0015889,0.005172112743213139,0.0054495042905121525,KmerZFs_9_0,72833
355,8750,0.005288415358238006,0.0015816,0.0051704810944461,0.005435400808434803,KmerZFs_9_0,71867
356,9000,0.00517767121541985,0.0015688,0.005049588093015384,0.005335025578790959,KmerZFs_9_0,70768
357,9250,0.005173820235114767,0.0015711,0.00504289762045092,0.0053103186353813244,KmerZFs_9_0,69778
358,9500,0.00519012937476814,0.0015634,0.005053209077876977,0.005338703691824436,KmerZFs_9_0,68701
359,9750,0.005218713654782569,0.00156345,0.005061545514458635,0.005372624139474949,KmerZFs_9_0,67640
360,0,0.005877883430722934,0.0016656,0.005849285915773842,0.005910556087690393,prdm9_all,1669392
361,250,0.005600095886270178,0.0015924,0.005554671736146469,0.005643528771762237,prdm9_all,1045026
362,500,0.0053818076975636,0.0015641,0.005327375423911304,0.0054251029293568235,prdm9_all,879125
363,750,0.0051901301180653754,0.00153444,0.0051498505798426,0.005238139404287215,prdm9_all,742436
364,1000,0.005022812622304951,0.0015059,0.004970669320463063,0.005076196319779194,prdm9_all,625778
365,1250,0.004901700281829993,0.0014813,0.004840346422631281,0.004960957326699208,prdm9_all,527848
366,1500,0.004802991436842681,0.0014595,0.004738626188715566,0.004871975585119065,prdm9_all,445990
367,1750,0.004659064775110206,0.0014363,0.004599909579327156,0.004726782152057138,prdm9_all,377598
368,2000,0.0045526093509301434,0.0014097,0.004481036013594795,0.004607182587478306,prdm9_all,318927
369,2250,0.004534102933961299,0.0013892000000000002,0.0044549412552041395,0.004610388674871477,prdm9_all,271010
370,2500,0.004504324379023337,0.0013707,0.004410021836007519,0.004587234733860673,prdm9_all,229376
371,2750,0.004362134368145885,0.0013469,0.004269616193059265,0.0044648743484200564,prdm9_all,195001
372,3000,0.0042710987347934284,0.0013315,0.00418186841945555,0.0043827018319878485,prdm9_all,165538
373,3250,0.004251952779543916,0.0013122,0.004142747697593532,0.004358126518005594,prdm9_all,141190
374,3500,0.004282678387281343,0.0013088,0.004162257290464571,0.004417113784493795,prdm9_all,120241
375,3750,0.0043331160238671874,0.001304,0.004158350638495188,0.004494997736825631,prdm9_all,102388
376,4000,0.004338108444579819,0.00130789,0.004121174966634744,0.0045641872098781235,prdm9_all,87070
377,4250,0.004158694049729778,0.0013027,0.004003589439841257,0.004336996798790349,prdm9_all,74198
378,4500,0.003955290537981166,0.0012992,0.0037958763888664075,0.004111243720143182,prdm9_all,63022
379,4750,0.003869709603916609,0.0012831,0.003749317747237358,0.00403941412927679,prdm9_all,53990
380,5000,0.00395138336285149,0.0012871,0.0038143674374724224,0.004122843164759901,prdm9_all,45896
381,5250,0.004016446621592031,0.0012757,0.003797105335213875,0.004297374915063709,prdm9_all,39280
382,5500,0.0037487154104532596,0.0012797,0.0035139827859701736,0.004024570926902706,prdm9_all,33515
383,5750,0.003924110770259383,0.0012499,0.0036257164393790164,0.004291330467018787,prdm9_all,28884
384,6000,0.0038378031605741806,0.001259,0.003509217522321712,0.004212896710353155,prdm9_all,24685
385,6250,0.003994621196805867,0.0012499,0.003636596057570769,0.0044129245366476095,prdm9_all,21135
386,6500,0.0036000762116079987,0.0012536,0.0033617930016876614,0.003947291366606525,prdm9_all,17927
387,6750,0.003556172378558504,0.0012492,0.0033528528052049387,0.003831009452875831,prdm9_all,15187
388,7000,0.003338004188220621,0.0012499,0.0031621490963186167,0.0035567280400862016,prdm9_all,13016
389,7250,0.0034888514286496673,0.0012342693,0.003209051833983298,0.0037508522118682745,prdm9_all,11118
390,7500,0.0033289403137111897,0.0012411,0.003096193424079053,0.0035641037476641223,prdm9_all,9598
391,7750,0.0031458524078146,0.0011905205,0.0029468009553667088,0.0033128637516975225,prdm9_all,8274
392,8000,0.003107927639993463,0.0011596,0.002928394529365306,0.0032796078142522914,prdm9_all,7190
393,8250,0.0035530909766912904,0.0011527,0.0031516695860276454,0.003982555543698259,prdm9_all,6200
394,8500,0.0030692612443986547,0.001117,0.002820048451263329,0.0032805798541615545,prdm9_all,5353
395,8750,0.0034773215080048216,0.0011074,0.0027650349034942447,0.004694153374970342,prdm9_all,4561
396,9000,0.0029562390482344805,0.0011025,0.0027332674110067544,0.0032642756667251825,prdm9_all,3979
397,9250,0.0029260230732049614,0.0011036,0.002652897751847431,0.003178130766658402,prdm9_all,3386
398,9500,0.003165215692743607,0.00110485,0.002841572204892191,0.0034701710069357295,prdm9_all,2894
399,9750,0.0028365947966070134,0.0011343,0.0025673719363075373,0.0031228998882801492,prdm9_all,2481
400,0,0.014051845975623131,0.0052657,0.012412087881702394,0.016255726514846712,promoters,1003
401,250,0.007413989692821781,0.00294525,0.006354470282704207,0.008472299749560644,promoters,404
402,500,0.005868107030327869,0.0020888,0.004956041612650273,0.0066253839080054645,promoters,366
403,750,0.004970798260614524,0.0016221,0.004134192499608939,0.0058142395948254195,promoters,358
404,1000,0.004534552249129214,0.00139135,0.0036818505082492976,0.005633317746448034,promoters,356
405,1250,0.004439984805906432,0.0012958,0.003648142108587719,0.00534261335122076,promoters,342
406,1500,0.0034801905865548773,0.0011292,0.0028252501950914635,0.004209712215016768,promoters,328
407,1750,0.004049191330553845,0.0011574,0.0032245038666607697,0.004823815271027692,promoters,325
408,2000,0.003522070597912458,0.0011574,0.002745223240703704,0.0043337343577441075,promoters,297
409,2250,0.004204187845614034,0.0011292,0.0029904917180614034,0.005496359724298246,promoters,285
410,2500,0.0030219953213235294,0.0011829000000000002,0.002356226248474265,0.0037108688790900737,promoters,272
411,2750,0.0033180935760714282,0.0011512,0.0025916390974999996,0.004226067607214286,promoters,280
412,3000,0.0029576909123595506,0.0011574,0.002178046413136704,0.0037254576867415735,promoters,267
413,3250,0.002880657483372549,0.0010361,0.002225274390711765,0.0036703758145098034,promoters,255
414,3500,0.002793187077186312,0.00098725,0.002080353066967681,0.003423901651425855,promoters,263
415,3750,0.0029768427098039213,0.00099889,0.002358642895352941,0.003713976094705882,promoters,255
416,4000,0.002705972290805861,0.00096334,0.0020184451698141027,0.003634838647747253,promoters,273
417,4250,0.0029002100943396228,0.0010361,0.0023661555757169806,0.0035699534166226416,promoters,265
418,4500,0.0025726800381132074,0.0010425,0.0021467612706981137,0.0030919491513018865,promoters,265
419,4750,0.003021418301509434,0.001245,0.002498792633858491,0.003744118702330189,promoters,265
420,5000,0.002074526008908046,0.0010249,0.0017636239180426243,0.0024665975228922413,promoters,261
421,5250,0.0022911661180800005,0.00102355,0.00189544442752,0.00268412309865,promoters,250
422,5500,0.0021257336568987345,0.00090271,0.0018153825312974684,0.0025096046676777424,promoters,237
423,5750,0.0033834687299166668,0.00091159,0.0025760383911541665,0.004435385253039584,promoters,240
424,6000,0.004268198908351111,0.00088647,0.0029418590499355555,0.005902174203131,promoters,225
425,6250,0.004232951403964758,0.00088647,0.003062683635143172,0.005841780380825991,promoters,227
426,6500,0.003998334195333334,0.0008322,0.0027375792097166667,0.00559731420745,promoters,225
427,6750,0.0032420055244343888,0.0008322,0.0021351128082918555,0.004350278940859728,promoters,221
428,7000,0.0024635286963133646,0.00064289,0.0018733249886635948,0.0031608536040668204,promoters,217
429,7250,0.002019528592647059,0.0007004,0.0015226189080637254,0.002508553751384804,promoters,204
430,7500,0.0019694658505376344,0.0007404,0.0015216584058198926,0.0025284928752016132,promoters,186
431,7750,0.002430544354918033,0.00087812,0.0017563730641939894,0.003403956034856557,promoters,183
432,8000,0.002802659916201118,0.00092047,0.0019677267048184358,0.003763816856215084,promoters,179
433,8250,0.002968601848148148,0.00092047,0.0022108736408915346,0.0039131726044444445,promoters,189
434,8500,0.003041090343882979,0.00092047,0.0021898005182180848,0.004111711660924203,promoters,188
435,8750,0.0031648709640625,0.001009435,0.002293845641666667,0.004067244368958334,promoters,192
436,9000,0.0033785836370786512,0.00099667,0.0023908254362499997,0.004427113015435394,promoters,178
437,9250,0.002863299650920245,0.00099667,0.0019403997601993867,0.003821724613205521,promoters,163
438,9500,0.0023275170358176105,0.00092047,0.0015772397420581762,0.0033105571780974842,promoters,159
439,9750,0.002919745197647059,0.00092141,0.002142467863382353,0.00396985016442647,promoters,170
