,distance,mean,nature,kind,low_ci,high_ci
0,0,0.006712798711668217,total,KmerZFs_11_0,0.006217770091247792,0.007283134891077456
1,250,0.00644846797992556,total,KmerZFs_11_0,0.006051935415860594,0.006939110555746076
2,500,0.005774859527724739,total,KmerZFs_11_0,0.005393385002778238,0.006113648981068338
3,750,0.005598513111829124,total,KmerZFs_11_0,0.005243570590884301,0.005987670758856667
4,1000,0.005488745555017984,total,KmerZFs_11_0,0.005102191332001705,0.00591929014972411
5,1250,0.005229311407771823,total,KmerZFs_11_0,0.004905242027629264,0.005551915551814192
6,1500,0.005096612269943009,total,KmerZFs_11_0,0.004802644729648237,0.005397102582848917
7,1750,0.005001724802455087,total,KmerZFs_11_0,0.004701060236908349,0.005343299597503499
8,2000,0.004989913057812775,total,KmerZFs_11_0,0.004693356523521739,0.005316603512714884
9,2250,0.004971275811789042,total,KmerZFs_11_0,0.004666106060378141,0.005311041096907262
10,2500,0.004910405946655616,total,KmerZFs_11_0,0.004589577046821899,0.00523535639860198
11,2750,0.004751242024355824,total,KmerZFs_11_0,0.004485176869519879,0.005047411932145678
12,3000,0.004806913782033098,total,KmerZFs_11_0,0.0045180387509730895,0.005120712653487052
13,3250,0.004709451940997078,total,KmerZFs_11_0,0.004462775207632637,0.004968847210448639
14,3500,0.004787836552029405,total,KmerZFs_11_0,0.004491517177291602,0.005070072865434376
15,3750,0.00478514008420475,total,KmerZFs_11_0,0.004499552297703879,0.005080755565546887
16,4000,0.004866038108527243,total,KmerZFs_11_0,0.004576402879303576,0.005196086460113107
17,4250,0.004807515974836239,total,KmerZFs_11_0,0.004565457921545548,0.005103297545466201
18,4500,0.004713180135571755,total,KmerZFs_11_0,0.004466170783328367,0.004972071315946053
19,4750,0.00465295147949618,total,KmerZFs_11_0,0.0044305757914853885,0.004911793916963798
20,5000,0.004728430959811288,total,KmerZFs_11_0,0.004449204842035125,0.005015793655191466
21,5250,0.004713519057011796,total,KmerZFs_11_0,0.004461347832639088,0.005009954328823418
22,5500,0.004718266100479428,total,KmerZFs_11_0,0.004456434065742783,0.005020856100058062
23,5750,0.004621785146364948,total,KmerZFs_11_0,0.004375344526728845,0.004902491360555211
24,6000,0.0046387599108009495,total,KmerZFs_11_0,0.004346273125102557,0.004942137506484527
25,6250,0.004739068397803321,total,KmerZFs_11_0,0.004425340623449423,0.005051507377856534
26,6500,0.004867188191832793,total,KmerZFs_11_0,0.004505394258040754,0.005212872678540896
27,6750,0.004770491179523183,total,KmerZFs_11_0,0.004420519062310929,0.005093936653295645
28,7000,0.004793987777040998,total,KmerZFs_11_0,0.004454663000170389,0.005127563786412988
29,7250,0.004732712811753028,total,KmerZFs_11_0,0.004389421198580689,0.005085444296413827
30,7500,0.0046129758116348115,total,KmerZFs_11_0,0.004306436512458983,0.0049305272383145995
31,7750,0.004486646720615666,total,KmerZFs_11_0,0.004240357746742381,0.004752568294808202
32,8000,0.004595414979817498,total,KmerZFs_11_0,0.004316988089687236,0.0048989851276767735
33,8250,0.004651077127607267,total,KmerZFs_11_0,0.004349223687912722,0.0049774326836101055
34,8500,0.004713079064705619,total,KmerZFs_11_0,0.00442491504310593,0.005017526738778705
35,8750,0.0046140640962839775,total,KmerZFs_11_0,0.004351733162867685,0.0048880004264382085
36,9000,0.004680202686458601,total,KmerZFs_11_0,0.004397667351378428,0.004989419635060088
37,9250,0.0046048511082462055,total,KmerZFs_11_0,0.004338922393893254,0.004894200144380418
38,9500,0.004599397665326912,total,KmerZFs_11_0,0.004307477848800227,0.004891040757166404
39,9750,0.004573387276479261,total,KmerZFs_11_0,0.004270160799952277,0.004849688823335227
0,0,0.005625739464878062,total,KmerZFs_12_0,0.005268693791010545,0.006078930973357433
1,250,0.005644216438820202,total,KmerZFs_12_0,0.005287985796404478,0.00605139694635439
2,500,0.005657038153564578,total,KmerZFs_12_0,0.005271804704007099,0.0060729441732353465
3,750,0.005700109413950953,total,KmerZFs_12_0,0.005280002405106203,0.0062134948073998995
4,1000,0.005584736067385624,total,KmerZFs_12_0,0.005206987345701667,0.005989098969823074
5,1250,0.005576860104520322,total,KmerZFs_12_0,0.005205058334584149,0.0059848811326366595
6,1500,0.00550990102990101,total,KmerZFs_12_0,0.00514106704512779,0.005967589861604607
7,1750,0.00554678731784031,total,KmerZFs_12_0,0.005132518156003737,0.0059854799127067974
8,2000,0.005426020633388034,total,KmerZFs_12_0,0.005046824050969431,0.005893692759466683
9,2250,0.005545238651900086,total,KmerZFs_12_0,0.005160631468870546,0.005999106548042876
10,2500,0.005453224027856746,total,KmerZFs_12_0,0.005083259800653087,0.00595586201509711
11,2750,0.005446087852538111,total,KmerZFs_12_0,0.005095834364888751,0.005912014199878504
12,3000,0.005391703332529071,total,KmerZFs_12_0,0.005003953607092742,0.005922549772134144
13,3250,0.005424256556219454,total,KmerZFs_12_0,0.005041740754042766,0.00593463438775214
14,3500,0.005436588333886397,total,KmerZFs_12_0,0.005081922586738368,0.005922803267972809
15,3750,0.005419192550333313,total,KmerZFs_12_0,0.005059383827142051,0.005914272405881663
16,4000,0.005434640185951155,total,KmerZFs_12_0,0.005060822936450052,0.00592237013631729
17,4250,0.005420588619817376,total,KmerZFs_12_0,0.005072023073515112,0.005932543783476839
18,4500,0.005382804634997012,total,KmerZFs_12_0,0.00499918383147088,0.005883656839208173
19,4750,0.005383587728014748,total,KmerZFs_12_0,0.005020003630852398,0.005844587329714834
20,5000,0.005423285861302914,total,KmerZFs_12_0,0.0050621135047199724,0.0059116774370740885
21,5250,0.005248109391834492,total,KmerZFs_12_0,0.0049120925309129974,0.005663903095250985
22,5500,0.005262265763931753,total,KmerZFs_12_0,0.0048980291558570295,0.005690056416430408
23,5750,0.0052423527441409,total,KmerZFs_12_0,0.004943410557156987,0.0056203741783358956
24,6000,0.005345893356978569,total,KmerZFs_12_0,0.005005631249180442,0.005712316890197173
25,6250,0.0053215737787511,total,KmerZFs_12_0,0.004966060504247998,0.005710915469979278
26,6500,0.005409773907209051,total,KmerZFs_12_0,0.005062085911767957,0.005886656969112783
27,6750,0.005392657833275154,total,KmerZFs_12_0,0.005065504174636799,0.005808825820987556
28,7000,0.0054695838289267945,total,KmerZFs_12_0,0.005149064829903987,0.005911940754121922
29,7250,0.005308579978195123,total,KmerZFs_12_0,0.0049322192433651855,0.00572723092718608
30,7500,0.005339158463600122,total,KmerZFs_12_0,0.005048922026614507,0.005715266000196446
31,7750,0.005405605966352802,total,KmerZFs_12_0,0.005105278409377188,0.005859966922201106
32,8000,0.005318791859984073,total,KmerZFs_12_0,0.005048423924896936,0.0056809819630274285
33,8250,0.0052251624969324615,total,KmerZFs_12_0,0.004926651306488,0.005594465947800414
34,8500,0.005241192184490311,total,KmerZFs_12_0,0.004979839531237469,0.0056009690084319495
35,8750,0.005192744372772146,total,KmerZFs_12_0,0.004908094865699438,0.005542112207888065
36,9000,0.005197624767693145,total,KmerZFs_12_0,0.0049135034647111225,0.00555545984010067
37,9250,0.005160047993232117,total,KmerZFs_12_0,0.004876593643251392,0.005495514048080045
38,9500,0.005198245018211348,total,KmerZFs_12_0,0.004881522457774702,0.005530862014464057
39,9750,0.005079702866361917,total,KmerZFs_12_0,0.004760340294468102,0.005402025866982444
0,0,0.00631411282025862,total,KmerZFs_5_0,0.00566989480384778,0.007102094876700903
1,250,0.005586700510972679,total,KmerZFs_5_0,0.005140067480988999,0.00606601177703594
2,500,0.005422108652173433,total,KmerZFs_5_0,0.005041066425080217,0.005880901732505732
3,750,0.005229827301822087,total,KmerZFs_5_0,0.004855727038462896,0.005678203374112845
4,1000,0.0051474825403356374,total,KmerZFs_5_0,0.00479602120714885,0.005653897132226114
5,1250,0.0050972033683023285,total,KmerZFs_5_0,0.004734254707262663,0.005671641395904026
6,1500,0.005061793865300493,total,KmerZFs_5_0,0.004691087353617583,0.005571853063943188
7,1750,0.004836392204731841,total,KmerZFs_5_0,0.004479751165583142,0.005262909980202044
8,2000,0.004847704931790257,total,KmerZFs_5_0,0.004429762725438899,0.0053332917940616745
9,2250,0.0048414892939368116,total,KmerZFs_5_0,0.004472361244832542,0.005313925447234145
10,2500,0.005032383819742258,total,KmerZFs_5_0,0.004614401510422445,0.005547179948083276
11,2750,0.004914228709507106,total,KmerZFs_5_0,0.004473223676635678,0.005429149520686985
12,3000,0.004888132552149615,total,KmerZFs_5_0,0.004465878313003412,0.005379693390753894
13,3250,0.00471564066198952,total,KmerZFs_5_0,0.004362951032393934,0.005120768883926265
14,3500,0.004800210433540301,total,KmerZFs_5_0,0.004452246850612543,0.005225700531448282
15,3750,0.004737272426592629,total,KmerZFs_5_0,0.004377315050015175,0.005139045433482405
16,4000,0.0049088390429326036,total,KmerZFs_5_0,0.004495673354807931,0.005373436541377447
17,4250,0.004783222879164,total,KmerZFs_5_0,0.0044411176925495946,0.005268788616373742
18,4500,0.00486508552062478,total,KmerZFs_5_0,0.0045048705259696405,0.00530370616376474
19,4750,0.004722820008365187,total,KmerZFs_5_0,0.004388455078057554,0.005120032687771693
20,5000,0.004710460635410695,total,KmerZFs_5_0,0.004418961315346235,0.005084800914415631
21,5250,0.004648879018974903,total,KmerZFs_5_0,0.0043577587912107295,0.004968881868135214
22,5500,0.004607688040022395,total,KmerZFs_5_0,0.004305333463617924,0.004917809447656969
23,5750,0.004592820496040203,total,KmerZFs_5_0,0.0043257208735301275,0.004918612174592801
24,6000,0.004678433649904493,total,KmerZFs_5_0,0.004351949422588334,0.004982860020188995
25,6250,0.004581226916117757,total,KmerZFs_5_0,0.004283434851676817,0.004883240159305439
26,6500,0.004633761356605263,total,KmerZFs_5_0,0.004326827005464516,0.0049285781036380325
27,6750,0.004703649375239919,total,KmerZFs_5_0,0.004366740679110386,0.005033371019764198
28,7000,0.004832051762849844,total,KmerZFs_5_0,0.004480436411721129,0.005227008521705876
29,7250,0.004850721044712154,total,KmerZFs_5_0,0.004462324841731628,0.005253317374743614
30,7500,0.004918165416197817,total,KmerZFs_5_0,0.004529574663779591,0.005292486977505084
31,7750,0.004923243994227513,total,KmerZFs_5_0,0.004527574308880458,0.005310331468106935
32,8000,0.004790856755485089,total,KmerZFs_5_0,0.004399734222934585,0.005189406070934137
33,8250,0.0048487290946273584,total,KmerZFs_5_0,0.004418193322810807,0.005247078775893049
34,8500,0.004860210284680068,total,KmerZFs_5_0,0.0044508707605382045,0.005244256397703175
35,8750,0.005029779715221641,total,KmerZFs_5_0,0.004561056395117007,0.005501740590860527
36,9000,0.0048976039168915925,total,KmerZFs_5_0,0.0045421602373773105,0.0052431812202853026
37,9250,0.004921272767968227,total,KmerZFs_5_0,0.004590621848395604,0.005349517043442568
38,9500,0.004892556679096645,total,KmerZFs_5_0,0.004520467119184463,0.005297947028876259
39,9750,0.004952473109178797,total,KmerZFs_5_0,0.004564335328447346,0.0054055027082489755
0,0,0.005812549622505234,total,KmerZFs_6_0,0.005006162864349807,0.006735226985970536
1,250,0.0050610480330907665,total,KmerZFs_6_0,0.004604923059391448,0.005375370508489425
2,500,0.004989963251691203,total,KmerZFs_6_0,0.0045184144525868795,0.005350252434320576
3,750,0.004853658708150689,total,KmerZFs_6_0,0.00440805848922644,0.005232038003875074
4,1000,0.004729837990850634,total,KmerZFs_6_0,0.004245966181793748,0.005092694722203595
5,1250,0.004664769189677586,total,KmerZFs_6_0,0.004229663300661158,0.0050002909902303605
6,1500,0.004625874166677777,total,KmerZFs_6_0,0.004172112480961379,0.005013549063134088
7,1750,0.004564709571709622,total,KmerZFs_6_0,0.004126405588723265,0.004918856127721017
8,2000,0.004571558030851309,total,KmerZFs_6_0,0.004192610048788033,0.004931286439494298
9,2250,0.004522971633721626,total,KmerZFs_6_0,0.0041725022965812975,0.004850715872315117
10,2500,0.0044742481331181945,total,KmerZFs_6_0,0.00410456145645842,0.004846912977954378
11,2750,0.004371233743976186,total,KmerZFs_6_0,0.00399006552178487,0.004717460154467806
12,3000,0.0044349202781216145,total,KmerZFs_6_0,0.004034287249947003,0.004790620454248695
13,3250,0.004427950924598571,total,KmerZFs_6_0,0.004002169431788632,0.004784764171904291
14,3500,0.004480650082130122,total,KmerZFs_6_0,0.004050840166287766,0.004891498038418298
15,3750,0.00442728018443008,total,KmerZFs_6_0,0.004029683798864236,0.0047778027726645324
16,4000,0.004496837581386151,total,KmerZFs_6_0,0.004071940919204499,0.004865705402505825
17,4250,0.004543648707570235,total,KmerZFs_6_0,0.004165419891797961,0.00488892946790341
18,4500,0.004600413160092912,total,KmerZFs_6_0,0.004194332661979925,0.004951656029213924
19,4750,0.004578484297562328,total,KmerZFs_6_0,0.0042070744413059856,0.004912283325176859
20,5000,0.004518691528627574,total,KmerZFs_6_0,0.004166017853060587,0.004873778891339307
21,5250,0.004549577186705205,total,KmerZFs_6_0,0.004217674950247688,0.004899802685159192
22,5500,0.004506537669023032,total,KmerZFs_6_0,0.004133400198997624,0.004910359333070188
23,5750,0.00440067770793729,total,KmerZFs_6_0,0.004052312533892991,0.00477306029745963
24,6000,0.00458191427269781,total,KmerZFs_6_0,0.004173319673142868,0.004990827233519435
25,6250,0.004632521262036046,total,KmerZFs_6_0,0.004181187089229113,0.0050324132258770865
26,6500,0.004656450661407792,total,KmerZFs_6_0,0.004219288828865702,0.005093364239547941
27,6750,0.004572394788446113,total,KmerZFs_6_0,0.004183221373379331,0.004946061291151101
28,7000,0.004648368288302454,total,KmerZFs_6_0,0.004231465225886484,0.005045305713223067
29,7250,0.004677255316373281,total,KmerZFs_6_0,0.004182731650514935,0.005095813556897837
30,7500,0.004736468871624998,total,KmerZFs_6_0,0.0042248273201290635,0.0051639248174935055
31,7750,0.004672402555140553,total,KmerZFs_6_0,0.004221450926030023,0.005079484544736125
32,8000,0.0046998530117075875,total,KmerZFs_6_0,0.004239148433180815,0.005111667075508729
33,8250,0.004645715107007588,total,KmerZFs_6_0,0.004251993948966063,0.0050083144691174
34,8500,0.004566120253304378,total,KmerZFs_6_0,0.004185368250281384,0.004865462521366638
35,8750,0.004598238482757897,total,KmerZFs_6_0,0.0042037421810860506,0.004942608742240059
36,9000,0.004565209923009626,total,KmerZFs_6_0,0.004143731622587563,0.004866653705394355
37,9250,0.004614773124042585,total,KmerZFs_6_0,0.004205843380615603,0.004974335613063458
38,9500,0.004572032475632093,total,KmerZFs_6_0,0.004180380586152047,0.004856148861964364
39,9750,0.004628899794545599,total,KmerZFs_6_0,0.004232545809999221,0.004945308140046695
0,0,0.00588338163482942,total,KmerZFs_6_1,0.005511084094149545,0.006353434309586978
1,250,0.005492350948515053,total,KmerZFs_6_1,0.005124494596636595,0.005853636667924721
2,500,0.005424763125250697,total,KmerZFs_6_1,0.005093095858615868,0.005832114476121409
3,750,0.005167797078549842,total,KmerZFs_6_1,0.004840221640933543,0.005517371485930636
4,1000,0.004980692998629852,total,KmerZFs_6_1,0.004700793276695359,0.005295668720582341
5,1250,0.004895468104824171,total,KmerZFs_6_1,0.004572894141298127,0.005298792463874653
6,1500,0.004738152341712781,total,KmerZFs_6_1,0.004445097304467254,0.00503999612531363
7,1750,0.004717251896581065,total,KmerZFs_6_1,0.004417641071101939,0.005051293123302952
8,2000,0.004691004489366953,total,KmerZFs_6_1,0.004365711228800985,0.005083179384430965
9,2250,0.004739806144177401,total,KmerZFs_6_1,0.0043915215664660735,0.005151460531994552
10,2500,0.0047316945386211475,total,KmerZFs_6_1,0.004394862807981005,0.005063680519924256
11,2750,0.004659408428893163,total,KmerZFs_6_1,0.004338779168820066,0.004999459969524329
12,3000,0.004666122029339681,total,KmerZFs_6_1,0.004348994178011238,0.004984745637927275
13,3250,0.004596187067095706,total,KmerZFs_6_1,0.004301837693143062,0.004925404343774862
14,3500,0.004656919593355693,total,KmerZFs_6_1,0.004315575129793761,0.004966304200809499
15,3750,0.004720989370246493,total,KmerZFs_6_1,0.004353267241846642,0.0051702082676814845
16,4000,0.004619510172792929,total,KmerZFs_6_1,0.00429076413517928,0.004963755868555718
17,4250,0.004626647767377922,total,KmerZFs_6_1,0.004268563149987764,0.004973000953392183
18,4500,0.004637862127712174,total,KmerZFs_6_1,0.004330733586577432,0.004981314685701342
19,4750,0.004528883317454549,total,KmerZFs_6_1,0.004204279012346605,0.004826041100177028
20,5000,0.004557870925725011,total,KmerZFs_6_1,0.004232158197297607,0.004909480662935613
21,5250,0.004443286645355983,total,KmerZFs_6_1,0.0041690411833409605,0.004767510175387671
22,5500,0.00458744816799725,total,KmerZFs_6_1,0.004260798039939558,0.004937401914490167
23,5750,0.004591029355272362,total,KmerZFs_6_1,0.004269014336164654,0.0049702748814223685
24,6000,0.004698616171543199,total,KmerZFs_6_1,0.004357481081734849,0.005034282333815847
25,6250,0.004755295216189237,total,KmerZFs_6_1,0.004375204342279701,0.0051627631708389115
26,6500,0.004720370269771229,total,KmerZFs_6_1,0.004349937677254464,0.005120760114185515
27,6750,0.004828217485571167,total,KmerZFs_6_1,0.004412064686662347,0.005252641090086837
28,7000,0.004873295687292404,total,KmerZFs_6_1,0.004495182843946188,0.005314662239713313
29,7250,0.004796842915956622,total,KmerZFs_6_1,0.004432569069665829,0.005241341212202109
30,7500,0.00465086028432024,total,KmerZFs_6_1,0.004298872495806637,0.0050014037382355514
31,7750,0.004663664888811865,total,KmerZFs_6_1,0.00434299340428993,0.005033322089067828
32,8000,0.004566306824409113,total,KmerZFs_6_1,0.004253002439151154,0.004907651403057475
33,8250,0.0047033959945951215,total,KmerZFs_6_1,0.004345103632813288,0.005067404485600262
34,8500,0.004578749305172681,total,KmerZFs_6_1,0.004276726572212379,0.004892497378998085
35,8750,0.004706137740278981,total,KmerZFs_6_1,0.004311420937516674,0.005035496378174857
36,9000,0.0045998400213380685,total,KmerZFs_6_1,0.004272721400669328,0.004907642283180259
37,9250,0.004651504697643084,total,KmerZFs_6_1,0.004271869466119326,0.004956103804693145
38,9500,0.004646346272823558,total,KmerZFs_6_1,0.004274387228534054,0.004989551663955859
39,9750,0.00481029023992033,total,KmerZFs_6_1,0.004421290463659088,0.005148970896270412
0,0,0.006126091935094144,total,KmerZFs_7_0,0.0054831022834594045,0.00699485068101813
1,250,0.005312829112880647,total,KmerZFs_7_0,0.0049936343295908705,0.00577172589631671
2,500,0.005231540843356893,total,KmerZFs_7_0,0.004887523324043204,0.005652161377647464
3,750,0.005008883885628633,total,KmerZFs_7_0,0.004706080936671873,0.005351233530308721
4,1000,0.0050411877764946844,total,KmerZFs_7_0,0.004673084429460234,0.005544583671540486
5,1250,0.004997007011863445,total,KmerZFs_7_0,0.004610106280184579,0.005478805675423061
6,1500,0.00496692306052589,total,KmerZFs_7_0,0.004563800593756727,0.005445468216140881
7,1750,0.0048814635368831655,total,KmerZFs_7_0,0.004486380253702213,0.005289870830199152
8,2000,0.004794801250233478,total,KmerZFs_7_0,0.0044500618480202946,0.005257170023797628
9,2250,0.004728558883296226,total,KmerZFs_7_0,0.004389622958360487,0.00521973580322201
10,2500,0.004640804049670129,total,KmerZFs_7_0,0.004347383863467817,0.005089112717800768
11,2750,0.004615034561717543,total,KmerZFs_7_0,0.004273979958699003,0.005020883113715476
12,3000,0.0047337543283517474,total,KmerZFs_7_0,0.004377775217563442,0.005184778609188344
13,3250,0.004723955823440093,total,KmerZFs_7_0,0.0044081379183157875,0.0050907656904709865
14,3500,0.004780577749921321,total,KmerZFs_7_0,0.004443101479573268,0.005163662845117863
15,3750,0.004806144898840978,total,KmerZFs_7_0,0.004425825525136612,0.005246638899887248
16,4000,0.0048537428134028315,total,KmerZFs_7_0,0.0044221418330583915,0.005364052856385658
17,4250,0.004746436500888691,total,KmerZFs_7_0,0.004385560031889198,0.005163932459662124
18,4500,0.004638742663446018,total,KmerZFs_7_0,0.004333099336378622,0.005000690065691808
19,4750,0.004570613219238222,total,KmerZFs_7_0,0.004244446051294392,0.00497470631122565
20,5000,0.004494414183710293,total,KmerZFs_7_0,0.004224568070400798,0.0048406553945465666
21,5250,0.004529570110847887,total,KmerZFs_7_0,0.004226347743991581,0.004906942245238329
22,5500,0.004598551383168124,total,KmerZFs_7_0,0.004306223898381389,0.004963401037936819
23,5750,0.004736479278757792,total,KmerZFs_7_0,0.004363842990394227,0.0051641701974626175
24,6000,0.004634927787764482,total,KmerZFs_7_0,0.004295363978789662,0.00502067004427443
25,6250,0.004790129019627951,total,KmerZFs_7_0,0.0044373171737478,0.005231897106732763
26,6500,0.004701873614101668,total,KmerZFs_7_0,0.004396808549524139,0.0051242663674041546
27,6750,0.004725243556269862,total,KmerZFs_7_0,0.004419133689368757,0.005172984416201002
28,7000,0.004732923766183155,total,KmerZFs_7_0,0.004392774333086669,0.005131583878146014
29,7250,0.004743107668907634,total,KmerZFs_7_0,0.004368916937723996,0.005159495875098897
30,7500,0.004682967282565505,total,KmerZFs_7_0,0.004376856646051851,0.005079281569008169
31,7750,0.0045644316073575305,total,KmerZFs_7_0,0.004297058825210183,0.004950325297959314
32,8000,0.004466324099016748,total,KmerZFs_7_0,0.004176409443220231,0.0048303421994777065
33,8250,0.004498182984602805,total,KmerZFs_7_0,0.004207882118113225,0.004903947119161418
34,8500,0.00447912896307961,total,KmerZFs_7_0,0.004202331439691928,0.004889946936137155
35,8750,0.004494462769016953,total,KmerZFs_7_0,0.004191374434387928,0.004887392038527613
36,9000,0.004433654536304938,total,KmerZFs_7_0,0.00412555039267864,0.004787390252934198
37,9250,0.0046075340123864095,total,KmerZFs_7_0,0.0042739846599304295,0.00502195789353946
38,9500,0.004619032280775708,total,KmerZFs_7_0,0.004243024095364305,0.005054043853728501
39,9750,0.004612199097680205,total,KmerZFs_7_0,0.004263643132508676,0.005018940231404248
0,0,0.005810450166919588,total,KmerZFs_7_1,0.005225626518295594,0.0065973283944479304
1,250,0.005160431732831701,total,KmerZFs_7_1,0.004857659516621642,0.005526442854992615
2,500,0.00511832787424136,total,KmerZFs_7_1,0.004770326933805666,0.005481707418963584
3,750,0.0050918152277958624,total,KmerZFs_7_1,0.004725609718561926,0.005437355697136642
4,1000,0.004938823191677198,total,KmerZFs_7_1,0.0046387506312420765,0.0052856441398094365
5,1250,0.004922072262769952,total,KmerZFs_7_1,0.0046015437748424814,0.005287426053866142
6,1500,0.00475250943432815,total,KmerZFs_7_1,0.004485467725075009,0.005121627292641017
7,1750,0.004731865988304882,total,KmerZFs_7_1,0.004452450545134229,0.005079353277829686
8,2000,0.0046838850496860205,total,KmerZFs_7_1,0.004451841507272967,0.005059703181447354
9,2250,0.004662553976870827,total,KmerZFs_7_1,0.004417116933860596,0.004991079356240293
10,2500,0.004804277123225405,total,KmerZFs_7_1,0.004506918731980694,0.005206167297834912
11,2750,0.004675987923845547,total,KmerZFs_7_1,0.004433457922884506,0.0049955338973826525
12,3000,0.004617199845540333,total,KmerZFs_7_1,0.004359006663798801,0.005021327839207411
13,3250,0.004658426851934264,total,KmerZFs_7_1,0.004388552223083097,0.005082012786751581
14,3500,0.004677551592567218,total,KmerZFs_7_1,0.004345200247987502,0.005123526411525382
15,3750,0.004591682554517201,total,KmerZFs_7_1,0.004264354759658162,0.004950808362756168
16,4000,0.004675838457491754,total,KmerZFs_7_1,0.004378862759409104,0.004988054918093204
17,4250,0.00462890153061929,total,KmerZFs_7_1,0.004330928399948059,0.004929518078830464
18,4500,0.004608607428839269,total,KmerZFs_7_1,0.004351492459724735,0.004909178563940535
19,4750,0.004518521829260389,total,KmerZFs_7_1,0.0042561353906500525,0.004867443232088976
20,5000,0.004540829251111419,total,KmerZFs_7_1,0.0042790732313697085,0.004899929081107901
21,5250,0.00454201918024023,total,KmerZFs_7_1,0.004287660459379031,0.004880828684877548
22,5500,0.004621466193166017,total,KmerZFs_7_1,0.004389183887502741,0.004948670355039234
23,5750,0.004786067605614908,total,KmerZFs_7_1,0.004432756314291156,0.005179860670179748
24,6000,0.004735646079758598,total,KmerZFs_7_1,0.004439762787239,0.00506198231108809
25,6250,0.004772633313960595,total,KmerZFs_7_1,0.0044496312631475245,0.005097920350642814
26,6500,0.004752694827394314,total,KmerZFs_7_1,0.004434500478577368,0.005081004967803986
27,6750,0.004737232155140754,total,KmerZFs_7_1,0.0044819469377537485,0.005077269249713904
28,7000,0.004739922268796033,total,KmerZFs_7_1,0.0044766090753673654,0.005070893132589665
29,7250,0.004784739015487959,total,KmerZFs_7_1,0.004485473090044914,0.005142868021304986
30,7500,0.004758345820859902,total,KmerZFs_7_1,0.004454739661963094,0.005097636709493861
31,7750,0.00499304805224887,total,KmerZFs_7_1,0.004600948922905326,0.005397639985739406
32,8000,0.004845375082105906,total,KmerZFs_7_1,0.004516455551496459,0.005194176796440275
33,8250,0.004837436457470002,total,KmerZFs_7_1,0.004510695082424222,0.00517439595158958
34,8500,0.004758577283591684,total,KmerZFs_7_1,0.004446627570822369,0.005090507737513414
35,8750,0.004915976643686191,total,KmerZFs_7_1,0.004546739871722952,0.00526675838378585
36,9000,0.004829672602018331,total,KmerZFs_7_1,0.004502768098679003,0.005207033220776698
37,9250,0.004851241017522769,total,KmerZFs_7_1,0.004466123232880067,0.005223341121773314
38,9500,0.004914813612573845,total,KmerZFs_7_1,0.004580953633276354,0.0053087211227264884
39,9750,0.004879266096707927,total,KmerZFs_7_1,0.004476122413603827,0.0052702015926558935
0,0,0.006478056587519014,total,KmerZFs_8_0,0.005803135438228502,0.007127570579294672
1,250,0.006109958404831858,total,KmerZFs_8_0,0.005714729582259508,0.006628377278787038
2,500,0.005857138675634969,total,KmerZFs_8_0,0.0054258412042870905,0.006317294329273374
3,750,0.005467140582484605,total,KmerZFs_8_0,0.005095964844309539,0.005867965660267839
4,1000,0.005262185977121047,total,KmerZFs_8_0,0.004942128991389296,0.005666371418039425
5,1250,0.005119472255865815,total,KmerZFs_8_0,0.004766700151939164,0.005419806660988071
6,1500,0.005019435525163888,total,KmerZFs_8_0,0.004697087891962962,0.005348037860602354
7,1750,0.004992380138442858,total,KmerZFs_8_0,0.004625768231820009,0.005341838885730157
8,2000,0.0049224831046272175,total,KmerZFs_8_0,0.00453254068059431,0.0052522560768083395
9,2250,0.004940878152095098,total,KmerZFs_8_0,0.004578328485830481,0.005282657268168635
10,2500,0.004915783015693999,total,KmerZFs_8_0,0.004536969242307449,0.00529645895404648
11,2750,0.0048535396448362005,total,KmerZFs_8_0,0.004490031727030719,0.005243506934758499
12,3000,0.004912817990218169,total,KmerZFs_8_0,0.004505994357286377,0.0053125166796884485
13,3250,0.004923455446220274,total,KmerZFs_8_0,0.004519461635090472,0.0053867469838600225
14,3500,0.005018799627869132,total,KmerZFs_8_0,0.004625157097234578,0.005444929925351953
15,3750,0.004907164325592663,total,KmerZFs_8_0,0.0044963786580478554,0.005333036814466538
16,4000,0.004929343361648186,total,KmerZFs_8_0,0.004495676871390463,0.005358370919089353
17,4250,0.004993982604038097,total,KmerZFs_8_0,0.00457489948014027,0.005433521513023183
18,4500,0.0049042339891145524,total,KmerZFs_8_0,0.004505748690083185,0.005319393940126573
19,4750,0.004820943813643831,total,KmerZFs_8_0,0.004429377298822297,0.005253109940160819
20,5000,0.004787440252950972,total,KmerZFs_8_0,0.004414099903896985,0.005153062355758703
21,5250,0.004783836070367055,total,KmerZFs_8_0,0.004442731149512703,0.005118379271110597
22,5500,0.004807815826703001,total,KmerZFs_8_0,0.004465819017290674,0.005131195138918011
23,5750,0.004800608424924741,total,KmerZFs_8_0,0.0044437091036727,0.005161579040176788
24,6000,0.004770949463731341,total,KmerZFs_8_0,0.004439041767063279,0.005096200503592757
25,6250,0.0048857819394856625,total,KmerZFs_8_0,0.004507069759540846,0.005289565149261874
26,6500,0.004844974757602965,total,KmerZFs_8_0,0.00448969691303787,0.005214093597986238
27,6750,0.004801105375188089,total,KmerZFs_8_0,0.004455211662886942,0.005181892176452177
28,7000,0.004843611044660291,total,KmerZFs_8_0,0.004499059174862747,0.005270322253134108
29,7250,0.004918445262384516,total,KmerZFs_8_0,0.004546745730942488,0.005373830393628284
30,7500,0.004899585464493922,total,KmerZFs_8_0,0.004509156153174969,0.005328829012339771
31,7750,0.0048888918748921486,total,KmerZFs_8_0,0.004499212013858669,0.0053660132748133095
32,8000,0.004965806794506848,total,KmerZFs_8_0,0.004566125029602975,0.005411880464739846
33,8250,0.0048701030490887354,total,KmerZFs_8_0,0.004516432355264156,0.0052667266554258605
34,8500,0.004858904047537248,total,KmerZFs_8_0,0.004513320141187442,0.0052472624425342965
35,8750,0.004914522495074447,total,KmerZFs_8_0,0.004548744536721359,0.005357768652872902
36,9000,0.00496673632516463,total,KmerZFs_8_0,0.004621616990213997,0.005473474304178541
37,9250,0.0048948366829777885,total,KmerZFs_8_0,0.004531492257578415,0.005280586861007759
38,9500,0.004801203387277418,total,KmerZFs_8_0,0.004476281535633433,0.005109513414453235
39,9750,0.004827629560454943,total,KmerZFs_8_0,0.0044838945610577476,0.005178755324540204
0,0,0.006969047420745907,total,KmerZFs_9_0,0.006514409536781569,0.007534022275011585
1,250,0.0068653933239700106,total,KmerZFs_9_0,0.00646956365108507,0.00737078519194995
2,500,0.0067219224445565036,total,KmerZFs_9_0,0.006317629354130316,0.007257236605564548
3,750,0.006560944819578647,total,KmerZFs_9_0,0.006141568209671159,0.007023850933237413
4,1000,0.006352043054360022,total,KmerZFs_9_0,0.005997014362822546,0.00679128861428839
5,1250,0.00616004737119647,total,KmerZFs_9_0,0.0058338975448233325,0.0065936705332587985
6,1500,0.006047761618991889,total,KmerZFs_9_0,0.005713726195753743,0.006503578637559712
7,1750,0.005934930033984812,total,KmerZFs_9_0,0.00555250305767282,0.00641084978012218
8,2000,0.005929409005249764,total,KmerZFs_9_0,0.00558340069100715,0.006444808537143759
9,2250,0.005930416538013972,total,KmerZFs_9_0,0.00557596501145286,0.006411953827528744
10,2500,0.005852053353478681,total,KmerZFs_9_0,0.005472576198076919,0.00634917841680716
11,2750,0.005790843777423961,total,KmerZFs_9_0,0.005420561424980017,0.006248414696426134
12,3000,0.005811999988547356,total,KmerZFs_9_0,0.00540686838808664,0.006302739562839645
13,3250,0.005769801639577425,total,KmerZFs_9_0,0.005361958667835821,0.0062905417968865
14,3500,0.005789705913030434,total,KmerZFs_9_0,0.005374976971242219,0.006304198992093582
15,3750,0.005686103699795489,total,KmerZFs_9_0,0.005266591878553081,0.006167261971654299
16,4000,0.0057210311507108,total,KmerZFs_9_0,0.0052988529301804446,0.006201057019097793
17,4250,0.005802992813438454,total,KmerZFs_9_0,0.005367453278525622,0.006410640691261581
18,4500,0.0057296214001830124,total,KmerZFs_9_0,0.0053680912500763045,0.006202638982220004
19,4750,0.005723940539208588,total,KmerZFs_9_0,0.005313825637718374,0.006174362313989324
20,5000,0.005738657958646557,total,KmerZFs_9_0,0.005351469431738145,0.006181755169531682
21,5250,0.005640528723426356,total,KmerZFs_9_0,0.005296487151498984,0.006131726204105964
22,5500,0.005699468911599185,total,KmerZFs_9_0,0.005279620423927258,0.006222031733169419
23,5750,0.005729642524666553,total,KmerZFs_9_0,0.0053496184817932516,0.006210267000993192
24,6000,0.005847072298220865,total,KmerZFs_9_0,0.0053908602248556115,0.006356516732219321
25,6250,0.0057430873635015995,total,KmerZFs_9_0,0.005325823206335262,0.006255371962658665
26,6500,0.00567181042539709,total,KmerZFs_9_0,0.005262950846604161,0.006170237886019222
27,6750,0.005528269472240941,total,KmerZFs_9_0,0.0051422760451655305,0.005982849395967206
28,7000,0.0053886880486153955,total,KmerZFs_9_0,0.005039508360278929,0.005829248722032536
29,7250,0.005349338860768197,total,KmerZFs_9_0,0.0050091912719273605,0.005779599051492023
30,7500,0.005355880730192959,total,KmerZFs_9_0,0.004995559656654539,0.005754980681710276
31,7750,0.005380803455851564,total,KmerZFs_9_0,0.005021116412892487,0.005829910156485108
32,8000,0.005327850710788187,total,KmerZFs_9_0,0.004973649404544606,0.005757912350446808
33,8250,0.005364430038491044,total,KmerZFs_9_0,0.0049965427474689085,0.005807045422964527
34,8500,0.005293790899258103,total,KmerZFs_9_0,0.004906780997483791,0.005737296080180169
35,8750,0.005288415358238006,total,KmerZFs_9_0,0.004868097418985541,0.005730984295295964
36,9000,0.00517767121541985,total,KmerZFs_9_0,0.004795033466460321,0.005653355588462118
37,9250,0.005173820235114767,total,KmerZFs_9_0,0.004771666096122891,0.005642923304058001
38,9500,0.00519012937476814,total,KmerZFs_9_0,0.004777050011251281,0.005684176092436562
39,9750,0.005218713654782569,total,KmerZFs_9_0,0.004812019686552709,0.005710349988689676
0,0,0.005877883430722937,total,prdm9_all,0.0055021501729268976,0.006258652935053643
1,250,0.005600095886270179,total,prdm9_all,0.0052882493551157745,0.00592777803256493
2,500,0.0053818076975635995,total,prdm9_all,0.00506515831193323,0.005694603589400854
3,750,0.005190130118065375,total,prdm9_all,0.00489198362314791,0.005488667442129954
4,1000,0.0050228126223049495,total,prdm9_all,0.004724045686862019,0.005308868980886267
5,1250,0.004901700281829993,total,prdm9_all,0.0046018621375097215,0.0051846459684746155
6,1500,0.004802991436842682,total,prdm9_all,0.004525256455381815,0.005079090726257887
7,1750,0.004659064775110206,total,prdm9_all,0.004397833878745513,0.004920695674359384
8,2000,0.004552609350930143,total,prdm9_all,0.004287459461850879,0.004810712631604539
9,2250,0.0045341029339613,total,prdm9_all,0.004276904354068098,0.004791411057322113
10,2500,0.004504324379023337,total,prdm9_all,0.004238932933291106,0.004789040192282524
11,2750,0.004362134368145886,total,prdm9_all,0.0041184971446871,0.004666970779327803
12,3000,0.004271098734793428,total,prdm9_all,0.004002556340748872,0.004564186657161952
13,3250,0.004251952779543916,total,prdm9_all,0.0039869444060632135,0.0045889187221805966
14,3500,0.004282678387281343,total,prdm9_all,0.003976859509147002,0.004668465814265178
15,3750,0.0043331160238671874,total,prdm9_all,0.0039730010690854035,0.004733276625217688
16,4000,0.0043381084445798185,total,prdm9_all,0.0038895408160590406,0.0048998081725243
17,4250,0.004158694049729777,total,prdm9_all,0.0037814123991707035,0.0046329474158913345
18,4500,0.003955290537981165,total,prdm9_all,0.0036187028856332496,0.004395391122633907
19,4750,0.0038697096039166084,total,prdm9_all,0.0035368074799882157,0.004280214283355926
20,5000,0.00395138336285149,total,prdm9_all,0.0035166501742314575,0.004509901537360427
21,5250,0.004016446621592031,total,prdm9_all,0.003647172556398746,0.004457477051139087
22,5500,0.0037487154104532596,total,prdm9_all,0.0033999665313583505,0.0041403695482972805
23,5750,0.003924110770259383,total,prdm9_all,0.003393380311411474,0.0044846252943318765
24,6000,0.0038378031605741806,total,prdm9_all,0.0033518311918543163,0.004328643302655228
25,6250,0.003994621196805867,total,prdm9_all,0.0033715421270597494,0.004638473970992948
26,6500,0.0036000762116079987,total,prdm9_all,0.0031334308219644396,0.004210151461091747
27,6750,0.003556172378558504,total,prdm9_all,0.003120550827164394,0.004017828327183096
28,7000,0.003338004188220621,total,prdm9_all,0.002857444334957617,0.003810042686160712
29,7250,0.0034888514286496673,total,prdm9_all,0.0029537660076391268,0.004046409476710771
30,7500,0.0033289403137111897,total,prdm9_all,0.002934413715039154,0.0036838984346075536
31,7750,0.0031458524078146,total,prdm9_all,0.0028474634765778294,0.0034656290521908133
32,8000,0.003107927639993463,total,prdm9_all,0.002763623309314669,0.0034491759066726134
33,8250,0.0035530909766912904,total,prdm9_all,0.002920781317223761,0.0045320838246647975
34,8500,0.0030692612443986547,total,prdm9_all,0.0026769582636060455,0.003523785291052825
35,8750,0.003477321508004821,total,prdm9_all,0.0026287956584206485,0.004687093349627892
36,9000,0.002956239048234481,total,prdm9_all,0.0024734647070001462,0.0035274006479423395
37,9250,0.0029260230732049614,total,prdm9_all,0.0024594152081117947,0.0034456734797659893
38,9500,0.003165215692743607,total,prdm9_all,0.0025536284668996522,0.0038592770640172003
39,9750,0.0028365947966070134,total,prdm9_all,0.0023207292046633784,0.0034760944178666943
0,0,0.01405184597562313,total,promoters,0.010037889122310214,0.01941216356506321
1,250,0.007413989692821782,total,promoters,0.005553438968018429,0.009226545274693717
2,500,0.005868107030327869,total,promoters,0.004655070618738261,0.00732018422298378
3,750,0.004970798260614525,total,promoters,0.0036267549443595986,0.006835603330258846
4,1000,0.004534552249129214,total,promoters,0.0032242096138695806,0.006095297893330384
5,1250,0.004439984805906433,total,promoters,0.003090365744767778,0.006329398683239049
6,1500,0.003480190586554878,total,promoters,0.002549761771373854,0.004641849852387283
7,1750,0.004049191330553846,total,promoters,0.0028335423211708387,0.005592137718549309
8,2000,0.003522070597912458,total,promoters,0.002416688851429695,0.005165868038483185
9,2250,0.004204187845614035,total,promoters,0.0023498979357077323,0.0066973457703027655
10,2500,0.0030219953213235294,total,promoters,0.0022542269267656527,0.004196248934763034
11,2750,0.0033180935760714282,total,promoters,0.002282627630272153,0.004777897915108697
12,3000,0.0029576909123595506,total,promoters,0.001981523599620242,0.004245866006367936
13,3250,0.002880657483372549,total,promoters,0.0018527092727390353,0.00412552777756305
14,3500,0.002793187077186312,total,promoters,0.0018951340716820643,0.004146756642364405
15,3750,0.0029768427098039217,total,promoters,0.001933277264847501,0.004237888841064652
16,4000,0.002705972290805861,total,promoters,0.0018295193678966582,0.003966222171766405
17,4250,0.0029002100943396228,total,promoters,0.001909010267622185,0.004036881874847324
18,4500,0.0025726800381132074,total,promoters,0.0018964520555750887,0.003342183874481903
19,4750,0.003021418301509434,total,promoters,0.0022085016163361417,0.004138489029276887
20,5000,0.002074526008908046,total,promoters,0.001610731866183707,0.0025651835554553223
21,5250,0.00229116611808,total,promoters,0.0016457797782827225,0.00311608446791244
22,5500,0.002125733656898734,total,promoters,0.0015157525481858333,0.00280976371005667
23,5750,0.0033834687299166668,total,promoters,0.0022478904412212993,0.004891476762378262
24,6000,0.004268198908351111,total,promoters,0.002273432507625971,0.006794510132193791
25,6250,0.004232951403964758,total,promoters,0.002447881617912301,0.006668308062653601
26,6500,0.003998334195333333,total,promoters,0.002123306995003667,0.006677468044832937
27,6750,0.003242005524434389,total,promoters,0.0019912588599003593,0.004830172477866915
28,7000,0.0024635286963133637,total,promoters,0.001562833325842193,0.003409538107737245
29,7250,0.002019528592647059,total,promoters,0.0013113218288098997,0.0028973486342441864
30,7500,0.0019694658505376344,total,promoters,0.0012803293541728765,0.002736847410524435
31,7750,0.002430544354918033,total,promoters,0.0014484762673428772,0.0035978240442219554
32,8000,0.0028026599162011175,total,promoters,0.0016472164493596616,0.004227575858433479
33,8250,0.002968601848148148,total,promoters,0.0019054665813067013,0.00436375775547994
34,8500,0.0030410903438829787,total,promoters,0.0017480191210574297,0.00456972598631053
35,8750,0.0031648709640625,total,promoters,0.002019895541595225,0.004336067488321237
36,9000,0.003378583637078652,total,promoters,0.002044479936507582,0.00524278489185836
37,9250,0.002863299650920246,total,promoters,0.0018235597298352272,0.004198613934562044
38,9500,0.00232751703581761,total,promoters,0.0013405452494587287,0.004126181516885863
39,9750,0.002919745197647059,total,promoters,0.001590912816890292,0.004974811521130868
